t,x,y,z
0.0,198.96527,109.41095,77.671036
0.005026548,199.61218,118.40014,88.63306
0.010053096,211.781,120.83768,73.36481
0.0150796445,195.8324,117.05001,84.09445
0.020106193,199.02003,112.5601,74.536766
0.025132742,197.4868,110.51791,83.00716
0.030159289,199.49208,107.0205,72.6977
0.03518584,205.2206,110.45225,70.56056
0.040212385,199.63922,106.82118,78.58629
0.045238934,204.1423,104.132515,71.03808
0.050265484,206.58014,104.00899,76.59029
0.055292036,195.75073,103.00103,60.545467
0.060318578,198.17671,100.256546,68.6667
0.06534513,205.35887,96.133354,61.933678
0.07037168,210.48138,100.912476,75.874405
0.07539822,190.37476,104.73687,65.243835
0.08042477,197.43427,97.14109,66.20456
0.08545133,201.93608,96.42966,62.62397
0.09047787,196.68701,101.90598,61.449944
0.09550442,201.25871,86.604385,60.79443
0.10053097,197.43617,104.118034,47.827465
0.105557516,197.7138,90.68877,49.1668
0.11058407,200.1799,98.86108,63.981125
0.11561061,195.85593,94.10091,55.90247
0.120637156,193.28955,97.23063,54.9542
0.12566371,196.01941,91.019516,53.12147
0.13069026,202.82202,93.46497,41.430515
0.13571681,206.06723,90.52351,53.173622
0.14074336,197.24414,78.70653,55.437702
0.1457699,206.82387,92.243866,54.08791
0.15079644,206.71365,83.90523,51.19886
0.15582299,190.70345,76.99281,55.276623
0.16084954,193.08961,80.627365,47.903305
0.1658761,194.4589,88.2713,37.27624
0.17090265,191.62033,82.91943,40.12853
0.1759292,206.85251,79.54694,50.780643
0.18095574,202.2626,83.05875,46.0308
0.18598229,194.35619,77.495865,47.21696
0.19100884,197.36316,72.82647,44.715008
0.19603539,196.91492,77.19687,46.97355
0.20106193,195.72565,71.55554,36.600925
0.20608848,188.71884,73.97069,35.206383
0.21111503,198.79535,71.03674,29.805885
0.21614158,193.88538,77.5571,33.44796
0.22116815,200.47249,79.57608,39.95614
0.22619468,196.1719,59.385086,31.577065
0.23122121,199.6672,75.21417,30.14331
0.23624778,189.93753,75.03108,33.477684
0.24127431,194.00266,63.787846,33.63394
0.24630088,198.93155,63.428074,29.237556
0.25132743,192.19873,65.605865,27.29737
0.25635397,191.9433,62.387135,24.69661
0.26138052,201.43225,67.464714,34.503716
0.26640704,197.8526,63.828705,25.593338
0.27143362,189.87247,59.20184,30.163742
0.27646017,184.27328,56.967644,17.995071
0.28148672,192.83348,57.14704,24.75859
0.28651327,189.54077,57.784885,18.566078
0.2915398,188.17624,54.147366,28.854294
0.29656637,189.4925,58.738533,6.8586655
0.3015929,188.699,63.887722,18.5316
0.30661947,189.1,48.250942,19.195526
0.31164598,187.51271,55.27211,23.645485
0.31667256,192.59839,57.23988,10.973419
0.32169908,195.00415,50.28776,20.6874
0.32672563,187.62611,51.12176,19.88388
0.3317522,204.02145,49.229095,10.977486
0.33677873,190.35005,52.87725,25.703674
0.3418053,181.27353,49.935757,16.280777
0.34683183,186.53137,46.99242,6.285782
0.3518584,182.92647,48.217136,14.806282
0.35688493,181.90396,43.675945,5.5485153
0.36191148,179.81393,51.624416,17.128418
0.36693802,185.64957,48.49411,15.3433075
0.37196457,187.35968,47.019012,10.454323
0.37699112,179.15903,45.04197,7.280533
0.38201767,194.12788,47.390106,11.277985
0.38704422,181.57678,43.43015,-1.6139603
0.39207077,181.69044,36.95529,3.7461853
0.39709732,190.32681,41.742107,11.084251
0.40212387,186.22499,42.78536,5.51976
0.40715042,181.27463,47.322685,1.9892883
0.41217697,182.8964,35.237923,5.93972
0.41720352,175.48494,37.722237,5.2507095
0.42223006,177.94894,37.39987,4.3258743
0.42725658,181.98436,42.269943,5.097786
0.43228316,179.37215,35.341812,-0.67407227
0.4373097,183.40161,31.32283,0.8856125
0.4423363,181.00005,36.530556,6.818306
0.44736278,177.83876,34.45833,-0.6622391
0.45238936,181.61414,32.685204,6.1997986
0.4574159,174.1888,33.378296,9.855484
0.46244243,174.31436,33.16491,-7.3766556
0.467469,166.5596,38.491837,1.0956726
0.47249556,177.81586,30.629059,1.4696808
0.4775221,182.35336,26.41716,1.3756638
0.48254862,182.42627,41.739273,8.526894
0.4875752,175.55377,29.002922,9.453506
0.49260175,172.05322,27.92604,-6.3698883
0.49762827,165.20132,31.83603,15.50045
0.50265485,169.2947,29.99295,-3.4235306
0.50768137,179.46294,28.092377,6.1165924
0.51270795,176.38478,32.143677,-3.4804153
0.51773447,163.30609,26.57724,7.3420105
0.52276105,167.58942,17.042099,-2.5724487
0.5277876,177.06732,23.791687,-0.25601196
0.5328141,169.7346,22.94426,-4.4260864
0.53784066,170.0745,24.412796,-6.747452
0.54286724,171.16154,15.888504,3.5396347
0.54789376,168.99762,23.090942,-9.408066
0.55292034,173.29631,22.374428,3.4325562
0.55794686,161.48239,17.11628,-1.5379181
0.56297344,170.10529,21.123856,4.112091
0.56799996,158.9686,20.136421,0.21888733
0.57302654,166.6879,11.048378,0.9551773
0.57805306,167.70743,14.243111,2.1481094
0.5830796,170.45265,13.5770645,-6.8791046
0.58810616,160.16191,11.665215,-6.1018677
0.59313273,162.76929,8.715118,3.3779907
0.59815925,162.77478,21.676094,7.4830627
0.6031858,152.98634,8.55809,-0.51734924
0.60821235,163.2276,22.539078,-2.3885956
0.61323893,162.10443,13.580765,-7.4181976
0.61826545,158.19342,18.784012,-0.20048523
0.62329197,159.39409,5.096504,5.5060883
0.62831855,159.45663,12.350227,-2.167183
0.6333451,162.47408,3.7089996,3.1770248
0.63837165,154.75717,3.6898727,5.0897827
0.64339817,154.00298,13.808434,3.559433
0.64842474,157.12134,13.741425,7.551071
0.65345126,148.63397,7.1714096,0.5622101
0.65847784,147.47047,6.3682632,-4.16481
0.6635044,153.86902,-0.004966736,-3.6034698
0.66853094,149.3425,2.1388855,7.7358246
0.67355746,153.92351,1.408905,4.5920563
0.67858404,150.78107,7.804344,-0.39985657
0.6836106,153.61945,3.7576294,-0.8459015
0.68863714,147.93796,7.861763,0.5440445
0.69366366,144.1036,21.199516,0.27553558
0.69869024,155.38504,2.407959,7.902519
0.7037168,152.23224,5.022583,5.164963
0.70874333,150.42117,12.896141,0.42787933
0.71376985,147.68924,-2.8092346,-6.082573
0.71879643,148.24811,7.665596,0.29577637
0.72382295,149.80832,2.276451,2.4333038
0.72884953,143.76677,7.9821243,10.481194
0.73387605,147.30858,-0.8175049,6.116226
0.7389026,139.52524,14.991737,4.4261627
0.74392915,144.45828,2.0060425,20.309822
0.7489557,148.1919,10.216919,5.0843353
0.75398225,141.33441,3.1331177,4.2310257
0.75900877,141.6669,-1.7159882,17.784485
0.76403534,142.88528,6.05867,7.297409
0.7690619,139.50049,4.0599976,2.2108994
0.77408844,136.45706,-1.090126,6.868767
0.77911496,132.82857,1.7578812,23.53688
0.78414154,135.75757,0.2322998,4.2855377
0.7891681,134.88776,1.1578522,14.554871
0.79419464,133.24416,4.787178,18.987396
0.7992212,135.5398,0.27002716,15.481789
0.80424774,140.0434,-0.11377716,7.3990555
0.80927426,138.10704,5.5275574,19.083984
0.81430084,134.00742,-4.3236465,31.712051
0.81932735,138.37576,-9.592529,20.840195
0.82435393,131.76187,7.6596146,25.673676
0.82938045,131.04633,1.5567856,28.549995
0.83440703,126.489914,-0.91256714,23.428276
0.8394336,125.771645,-3.6870346,30.216072
0.8444601,121.50677,-0.34409332,24.195686
0.8494867,135.3166,-9.192116,32.272675
0.85451317,131.04385,-8.292282,15.322914
0.85953975,130.12715,4.2884674,30.558731
0.8645663,132.60281,2.8895187,19.467667
0.86959285,130.13937,12.414391,19.446442
0.8746194,122.66818,-1.9456558,28.846504
0.879646,118.32757,7.700531,32.84089
0.8846726,117.111176,-1.1236572,29.763382
0.88969904,121.93609,4.1091843,25.376503
0.89472556,130.44405,3.168602,28.86905
0.89975214,122.527664,5.3993073,33.97043
0.9047787,118.850395,3.4083939,28.67131
0.9098053,129.58624,-8.444481,36.62327
0.9148318,116.48525,-5.246704,32.042366
0.9198584,113.665955,4.7837753,44.014732
0.92488486,111.558,1.1391678,30.062798
0.92991143,112.95806,0.5899658,44.468792
0.934938,115.51096,4.150856,45.04816
0.93996453,125.72171,11.222549,49.30766
0.9449911,113.015236,-3.660904,43.49968
0.9500177,120.08484,4.2637253,46.124073
0.9550442,116.97476,-0.8039017,44.59389
0.9600707,109.05667,-3.9580078,38.550777
0.96509725,105.44852,-0.98163605,47.654736
0.9701238,110.836586,8.013451,47.919807
0.9751504,118.933395,-4.237297,48.926975
0.9801769,105.1615,6.3144836,52.830654
0.9852035,106.51011,-3.9080963,51.41212
0.9902301,111.97507,5.5639954,45.738567
0.99525654,107.614586,-0.6258316,65.2671
1.0002831,105.15374,4.142441,46.522087
1.0053097,100.03254,-2.6659317,56.132282
1.0103363,99.138466,5.7628784,44.547253
1.0153627,107.86618,1.8019104,63.01544
1.0203893,101.9873,3.7024918,50.737667
1.0254159,108.15001,2.0753784,63.558586
1.0304424,99.313354,7.5127106,58.752052
1.0354689,98.4652,9.530281,65.10245
1.0404955,104.537346,4.8981934,62.39602
1.0455221,106.72869,12.894745,64.410965
1.0505487,92.961235,3.510727,63.814415
1.0555753,104.792984,16.30233,68.31118
1.0606017,93.77082,1.2417526,66.19483
1.0656282,91.78297,7.6762238,73.878876
1.0706547,93.53758,9.323891,71.66866
1.0756813,93.88985,4.4943314,65.34418
1.0807079,91.84816,10.259163,75.81297
1.0857345,95.01807,12.603912,72.36958
1.0907611,84.71952,7.4252625,80.57169
1.0957875,87.20413,8.956963,77.42142
1.1008141,92.009186,8.14872,77.423195
1.1058407,94.91084,10.11956,79.55596
1.1108671,94.24841,9.498276,82.72033
1.1158937,106.23498,15.064285,93.26477
1.1209203,93.08911,9.642525,84.890594
1.1259469,82.28066,15.016579,89.08814
1.1309733,90.83424,10.63752,90.571236
1.1359999,83.58396,11.1764145,84.27812
1.1410265,90.76648,15.113609,94.055305
1.1460531,84.70317,15.554764,86.92614
1.1510795,89.17043,16.753937,92.266785
1.1561061,75.076,12.368217,90.69481
1.1611327,76.09265,17.993813,91.11647
1.1661592,73.46545,20.603363,94.495804
1.1711857,81.263054,13.515411,98.89014
1.1762123,69.00754,24.186485,93.07093
1.1812389,76.512276,21.794426,96.710365
1.1862655,80.81173,25.509773,96.518875
1.191292,74.00443,24.463058,98.24643
1.1963185,70.43327,26.00689,110.086235
1.201345,74.18833,17.595047,94.93877
1.2063715,75.55607,16.118332,113.07386
1.2113981,76.90215,26.764503,105.51304
1.2164247,74.45656,12.922699,110.478615
1.2214513,72.34311,23.29142,110.05214
1.2264779,75.51869,18.565742,114.80339
1.2315044,70.764336,35.126923,116.346405
1.2365309,71.093025,29.890556,113.72728
1.2415575,70.897194,24.96431,113.653275
1.2465839,64.00375,19.400276,118.003784
1.2516105,67.91601,28.038872,119.111206
1.2566371,67.194305,31.22007,117.64143
1.2616637,66.62975,34.06633,115.49834
1.2666903,63.100525,31.63453,120.96214
1.2717167,61.175373,34.55728,123.332504
1.2767433,67.86802,31.327942,124.57741
1.2817699,63.540497,32.066322,125.49867
1.2867963,55.73241,27.09047,126.340485
1.2918229,68.46242,33.941185,122.655624
1.2968495,63.148804,37.56331,128.71571
1.3018761,62.023785,32.84666,134.1033
1.3069025,62.76371,41.61981,125.25967
1.3119291,69.65758,49.38502,134.97188
1.3169557,61.79987,44.1979,135.20059
1.3219823,68.40828,42.435677,127.046036
1.3270088,65.29048,35.06506,145.47485
1.3320353,53.194084,30.022339,131.68346
1.3370619,54.802074,39.511555,137.66121
1.3420883,70.8009,48.111534,137.8638
1.3471149,53.398003,36.69637,141.52945
1.3521415,52.84773,41.84707,142.10632
1.3571681,50.69262,43.57814,139.61188
1.3621947,46.36986,52.465405,145.90945
1.3672212,48.27538,46.338722,138.67082
1.3722477,52.921112,54.32811,143.66771
1.3772743,52.261726,43.798847,147.6596
1.3823007,60.474888,54.30905,144.03674
1.3873273,57.532555,46.001537,140.6363
1.3923539,48.67438,49.97155,149.46446
1.3973805,51.894024,55.475792,161.95755
1.402407,54.752777,55.69978,147.17566
1.4074336,49.621025,55.77934,157.15192
1.4124601,48.869926,51.18131,152.55402
1.4174867,55.973602,51.96642,146.88052
1.4225131,48.9187,55.24523,154.00024
1.4275397,51.110973,66.28618,159.23273
1.4325663,44.535557,64.279655,152.9006
1.4375929,41.855183,55.777306,162.90704
1.4426194,45.56133,53.54859,168.19472
1.4476459,42.42655,69.13026,160.26596
1.4526725,38.57084,67.24189,165.65468
1.4576991,46.45805,68.13672,160.86255
1.4627256,34.795273,73.05879,163.69882
1.4677521,39.42121,64.941574,159.02252
1.4727787,31.24889,67.857285,164.97937
1.4778053,36.755795,68.66722,160.63182
1.4828317,33.271152,62.051643,170.38446
1.4878583,38.056435,72.56893,169.34615
1.4928849,25.631603,68.61415,178.54402
1.4979115,37.604668,71.089226,166.53452
1.502938,41.822502,72.16786,170.06796
1.5079645,32.177643,72.19997,169.69382
1.5129911,26.114777,76.47773,169.89787
1.5180175,37.191757,69.762146,174.92125
1.5230441,31.330093,69.99559,178.53731
1.5280707,26.335037,76.762,167.82611
1.5330973,30.766533,77.8556,174.71027
1.5381238,46.069504,73.14631,186.7294
1.5431504,29.208794,84.90995,167.44783
1.5481769,29.700035,84.33837,184.46637
1.5532035,34.9653,82.833534,175.3143
1.5582299,32.72088,81.2438,180.7149
1.5632565,36.5885,88.81324,176.0884
1.5682831,30.067673,79.9467,184.58154
1.5733097,33.475716,94.312225,181.40321
1.5783362,22.157791,81.742485,185.18375
1.5833627,26.825142,82.8803,192.70413
1.5883893,30.338226,92.27572,179.80672
1.5934159,30.012756,84.361496,185.34442
1.5984424,28.292915,89.48183,172.70847
1.6034689,30.460716,91.45919,193.01532
1.6084955,19.385757,87.45746,190.39293
1.613522,30.011955,89.50278,186.61671
1.6185485,28.01744,89.1923,183.26608
1.6235751,19.055305,96.04103,185.07451
1.6286017,25.709984,95.46062,185.8288
1.6336282,24.764679,100.187256,187.91373
1.6386547,22.718216,104.20561,186.3888
1.6436813,22.744843,96.3927,190.55165
1.6487079,21.661003,101.16325,196.08517
1.6537343,13.962883,97.38947,194.03134
1.6587609,18.789543,101.08695,187.58768
1.6637875,15.923988,103.7984,192.09006
1.6688141,19.601616,95.71149,190.0718
1.6738406,13.111839,106.85445,199.02914
1.6788672,20.224464,98.27576,189.58623
1.6838938,13.782753,119.830124,196.49448
1.6889203,19.041344,111.4438,193.35281
1.6939468,20.315521,115.916626,184.31604
1.6989734,20.410881,112.19238,205.4019
1.704,22.565964,105.6864,200.88148
1.7090263,17.374634,114.84932,195.9758
1.7140529,11.306572,114.86838,202.79512
1.7190795,17.654984,115.87118,196.63324
1.7241061,11.11187,115.96677,194.57602
1.7291327,16.633682,115.81215,193.77
1.7341592,8.104683,120.9917,203.66122
1.7391857,16.257095,116.25258,203.40839
1.7442123,12.319084,117.04578,196.16553
1.7492388,21.62918,117.34597,198.92432
1.7542654,6.856346,120.73832,190.10303
1.759292,9.1406555,123.063095,195.77509
1.7643186,7.725212,119.19233,211.2504
1.7693452,15.050102,123.548485,203.00034
1.7743715,19.124947,135.05115,198.93799
1.7793981,11.355621,129.9651,206.66693
1.7844247,-2.48777,127.950195,200.5155
1.7894511,2.0262527,128.62427,189.49136
1.7944777,8.418167,121.14122,200.24124
1.7995043,7.6772614,127.06134,205.62222
1.8045309,9.134666,121.32675,195.48486
1.8095574,14.841438,127.3589,194.92247
1.814584,4.1339264,134.78299,206.50797
1.8196106,9.981827,132.66498,205.93103
1.824637,7.6224976,136.41945,211.72041
1.8296636,8.98394,131.35004,198.71172
1.8346902,-7.2391357,144.74487,206.12852
1.8397168,7.259079,134.6734,197.319
1.8447431,7.977333,143.08655,201.47948
1.8497697,10.235161,133.62238,200.63382
1.8547963,0.39983368,145.54022,198.6658
1.8598229,6.411522,138.11972,197.00273
1.8648494,10.118431,140.21796,201.02344
1.869876,-7.178917,139.57375,200.97525
1.8749025,18.93946,142.70508,202.03119
1.8799291,-0.80810547,148.48055,196.02454
1.8849556,7.3010483,147.24507,202.25072
1.8899822,2.3868408,139.7991,200.55693
1.8950088,11.168594,148.81331,199.5971
1.9000354,4.9995804,146.98402,196.37184
1.905062,-1.9304657,150.60187,193.4827
1.9100884,-1.286766,153.0813,196.0138
1.9151149,6.5159683,147.77707,204.62366
1.9201415,1.7910538,146.89215,187.31006
1.9251679,4.8538055,157.76431,195.35217
1.9301945,6.4750214,153.8861,188.84914
1.9352211,4.131584,145.60118,194.1614
1.9402477,9.798904,166.7712,189.34991
1.9452742,6.80072,156.38455,197.08308
1.9503008,-2.6728058,163.03554,191.1416
1.9553274,2.2142181,155.17468,197.01608
1.9603539,2.4371033,160.32614,190.9921
1.9653804,4.6838455,163.95145,187.87012
1.970407,-1.6510086,156.9188,190.73724
1.9754336,3.8370056,155.37683,195.30856
1.9804602,6.4678497,160.73015,183.46706
1.9854865,4.087639,164.70036,190.4853
1.9905131,1.7703171,160.4758,182.61603
1.9955397,10.5195465,165.16644,193.7153
2.0005662,1.9342651,166.56642,189.92511
2.0055928,-7.0824738,172.28946,185.40509
2.0106194,2.1632233,167.15518,182.52853
2.015646,9.479431,154.46964,184.47119
2.0206726,-2.8222198,176.9739,193.2571
2.0256991,0.5611038,167.986,189.60022
2.0307255,-6.030571,176.78624,183.08307
2.035752,6.291336,169.23007,192.8606
2.0407786,-4.1262054,173.225,191.17749
2.0458052,-10.191696,174.58589,187.01218
2.0508318,-3.4719925,169.84863,183.22635
2.0558581,1.9253464,180.6191,180.45592
2.0608847,0.53150177,172.83975,178.77534
2.0659113,-5.335022,176.2103,184.84149
2.0709379,-2.9671936,175.48071,177.15738
2.0759645,9.800774,181.76201,180.395
2.080991,5.988205,176.46912,182.68787
2.0860176,6.393509,183.0724,166.34546
2.0910442,-11.75441,174.18561,179.75797
2.0960708,2.2988663,175.6658,176.08
2.1010973,5.375931,175.87921,173.23221
2.106124,0.66176605,180.25684,176.8569
2.1111505,-3.7483826,178.67819,176.34152
2.1161768,-6.543274,174.56096,172.19637
2.1212034,12.059959,183.56631,173.85944
2.12623,3.5224304,184.79642,169.15973
2.1312563,-8.885963,182.01128,174.14783
2.136283,2.2140198,183.97688,160.98372
2.1413095,-0.03214264,179.16211,172.05125
2.146336,-6.1791077,188.88547,170.38388
2.1513627,-2.5001755,185.36935,164.9914
2.1563892,-2.7554016,184.43475,167.97351
2.1614158,-2.6815186,185.97723,167.21259
2.1664424,-3.4141235,185.30118,153.518
2.171469,-1.2253189,191.12512,160.88571
2.1764956,3.3341217,187.32523,162.34766
2.1815221,1.8437881,183.27286,164.1069
2.1865487,-13.671104,194.38739,165.86844
2.191575,2.8775558,193.86263,160.2135
2.1966016,-14.457535,193.56682,156.10127
2.2016282,-2.5886078,184.77155,157.31873
2.2066548,6.158165,177.26694,156.96194
2.2116814,5.4792404,189.48518,146.77016
2.2167077,8.908882,195.53091,153.0653
2.2217343,3.6231308,191.03683,155.69363
2.2267609,0.72528076,190.27219,156.5758
2.2317874,-4.0804367,198.79651,148.16093
2.236814,6.1093063,188.29288,161.27245
2.2418406,4.5252075,187.17679,152.00058
2.2468672,-2.550476,184.39307,153.98988
2.2518938,4.954445,199.41925,155.2941
2.2569203,6.2153015,193.15956,146.60352
2.2619467,2.3671112,196.0985,136.8789
2.2669733,12.984894,191.96925,138.50229
2.2719998,0.93964386,189.63885,150.88028
2.2770264,2.5104828,192.56451,141.75555
2.282053,2.0297165,195.87796,139.23022
2.2870796,2.5661316,203.81447,140.04495
2.2921062,9.857857,184.75351,135.2428
2.2971327,3.890625,198.77376,141.60313
2.302159,0.42559052,192.91487,136.11053
2.3071856,-0.23419952,194.15869,131.95639
2.3122122,8.457558,200.06064,126.440765
2.3172388,4.4785156,203.27611,126.527725
2.3222654,6.45784,205.99103,139.86555
2.327292,13.497047,206.10382,139.33948
2.3323183,4.941658,194.94159,135.25478
2.337345,5.708618,206.80923,127.492966
2.3423715,14.323021,195.19925,127.904686
2.347398,15.1549,206.15048,119.53162
2.3524246,8.226028,195.7478,120.5425
2.3574512,3.6313782,200.71658,122.32222
2.3624778,16.05246,204.43306,122.64757
2.3675044,8.112572,195.22542,125.46033
2.372531,8.309662,201.07327,134.32239
2.3775575,8.437645,199.93011,122.25032
2.382584,12.327927,195.03754,112.54474
2.3876104,17.63755,200.14795,113.79019
2.392637,17.071365,200.76332,108.16062
2.3976636,5.745125,198.63623,110.47081
2.40269,8.949104,191.39621,119.2863
2.4077165,14.778427,207.74567,117.66284
2.412743,5.568825,188.72852,96.30852
2.4177697,10.274094,208.0141,112.14672
2.4227962,17.476784,203.89241,101.32195
2.4278228,15.804062,206.1019,102.23824
2.4328494,20.350975,194.84512,109.18608
2.437876,14.688484,202.26477,103.50975
2.4429026,14.307175,207.58711,92.91493
2.4479291,19.800415,188.31873,92.24439
2.4529557,18.890526,199.32852,95.57146
2.4579823,9.81723,197.64026,96.53227
2.4630089,11.278809,211.09221,106.02292
2.4680355,32.153328,207.64313,94.03939
2.4730618,12.833214,198.72517,91.66948
2.4780884,25.14019,193.518,96.14649
2.483115,12.395531,198.71423,89.506035
2.4881413,18.624245,201.9238,87.343666
2.4931679,18.604317,201.52634,77.80675
2.4981945,25.360382,204.87949,85.859146
2.503221,16.552147,206.98752,89.79171
2.5082476,20.00473,205.00024,88.18385
2.5132742,10.655983,198.52908,86.797676
2.5183008,21.657906,195.59956,81.09474
2.5233274,22.407555,198.76434,79.78424
2.528354,13.12706,191.78714,79.09776
2.5333805,17.383293,195.91913,83.34671
2.538407,21.36148,198.20142,84.9897
2.5434334,19.42186,192.11623,78.04091
2.54846,25.120895,199.91345,77.813
2.5534866,24.149857,200.51956,79.54239
2.5585132,23.079948,208.20619,66.95142
2.5635397,25.616196,198.81277,66.71974
2.5685663,15.810921,195.32733,73.328804
2.5735927,23.186218,205.79921,66.73346
2.5786192,26.997055,191.6416,71.9023
2.5836458,27.632187,183.65555,67.970566
2.5886724,29.480637,198.69403,58.659332
2.593699,23.50151,195.73576,68.16095
2.5987256,33.410545,194.20674,64.92963
2.6037521,24.984673,211.64691,66.22851
2.6087785,30.434639,203.37674,62.115013
2.613805,27.49543,205.94559,57.1287
2.6188316,26.873466,187.87978,56.613922
2.6238582,30.942421,189.552,57.61032
2.6288848,24.007988,198.1965,57.66994
2.6339114,37.66999,185.48035,55.369408
2.638938,31.268097,196.29767,53.101635
2.6439645,28.896645,192.22095,50.17741
2.648991,32.534462,186.18922,55.095642
2.6540177,31.721603,182.84537,46.22446
2.659044,34.544388,190.30626,49.497746
2.6640706,32.85881,191.96072,53.483444
2.6690972,45.370872,186.64224,45.46258
2.6741238,34.124283,195.09619,40.83428
2.67915,50.36591,181.83502,42.403427
2.6841767,34.877243,183.63101,44.40108
2.6892033,38.857357,188.73676,49.697937
2.6942298,29.541073,183.71283,46.818127
2.6992564,40.98505,192.28857,48.12401
2.704283,40.7986,186.42899,39.62778
2.7093096,41.396355,182.07391,38.9416
2.7143362,37.6279,182.6272,33.71748
2.7193627,27.979439,184.14749,31.786167
2.7243893,39.666893,178.34474,37.089283
2.729416,32.76593,180.33638,30.050255
2.7344425,42.739193,177.52213,42.0
2.739469,40.607887,185.32732,38.854218
2.7444954,43.584297,193.70667,33.396683
2.749522,48.77843,183.79245,38.14189
2.7545485,41.271202,177.74478,37.678276
2.759575,48.37195,180.42693,21.700394
2.7646015,48.038387,185.99841,22.342346
2.769628,42.192883,180.02644,26.110847
2.7746546,48.069096,171.76523,27.339676
2.7796812,54.937813,173.5697,24.506828
2.7847078,52.210476,172.98929,21.41629
2.7897344,50.77945,175.00888,31.414658
2.794761,47.434105,173.85025,24.544617
2.7997875,55.43739,175.07234,28.678696
2.804814,48.541782,167.66574,20.631248
2.8098407,52.197662,187.66925,15.990234
2.8148673,47.289803,168.88351,13.967575
2.8198936,51.364754,167.70703,19.217789
2.8249202,56.28663,176.47104,21.464851
2.8299468,49.797745,166.82825,5.5878525
2.8349733,52.79453,169.72238,13.473816
2.84,54.08563,175.53844,16.302773
2.8450263,51.0838,164.59015,11.061409
2.8500528,54.19514,171.93375,15.388618
2.8550794,64.928986,166.67194,19.931686
2.860106,71.72366,168.23932,21.920166
2.8651326,57.28255,164.8529,21.277763
2.8701591,74.628204,157.88397,7.4633865
2.8751857,64.922806,160.9843,14.059822
2.8802123,57.964245,150.14134,12.718666
2.885239,69.48569,158.67044,6.9840775
2.8902652,67.99159,156.51266,16.383202
2.8952918,64.82312,158.67673,12.650108
2.9003184,65.13691,165.31552,11.00515
2.905345,68.69597,153.80937,13.832634
2.9103715,64.44962,161.59618,-1.5966568
2.9153981,59.976112,155.92995,9.496773
2.9204247,69.68236,163.12764,5.2682953
2.9254513,64.28665,154.46463,6.560013
2.9304776,70.26704,152.35718,2.6213913
2.9355042,62.050034,158.60522,11.630051
2.9405308,67.2583,151.76746,1.1823425
2.9455574,67.25827,156.36002,0.24118805
2.950584,67.65837,158.7085,-0.55709076
2.9556105,71.574905,150.04012,11.802376
2.9606369,70.24017,144.28833,-0.34178925
2.9656634,73.30878,150.0034,5.377304
2.97069,69.794464,145.2063,4.801689
2.9757166,76.86456,153.17218,3.2358475
2.9807432,82.50766,137.98872,3.0340195
2.9857697,73.612274,140.9968,-0.9139786
2.9907963,77.95715,139.20049,2.2308502
2.995823,70.21715,151.83673,-2.886734
3.0008495,73.00516,140.66719,1.2874832
3.005876,79.024765,138.02316,-5.5970154
3.0109026,73.168236,143.59323,7.9243774
3.015929,78.24268,148.15065,3.6157074
3.0209556,79.77082,148.47385,5.329384
3.0259821,86.7689,140.6691,-0.01197052
3.0310085,77.96236,142.34218,-0.721962
3.036035,81.255035,137.39987,0.49222565
3.0410616,90.11765,126.07681,-3.7028656
3.0460882,93.84263,148.15962,5.8336105
3.0511148,88.05266,134.41333,-7.7100906
3.0561414,85.173065,128.30199,0.8814087
3.061168,81.87625,132.37975,0.8871765
3.0661945,88.3894,133.91507,-1.2733002
3.071221,85.892334,132.0327,7.041008
3.0762477,88.63584,125.106064,-1.5535431
3.0812743,94.516945,128.26682,-10.2091675
3.0863008,85.85987,120.818756,-1.2216797
3.0913274,95.13448,123.783554,-2.8428192
3.0963538,92.22286,127.50383,-2.0313797
3.1013803,94.62555,120.750206,-8.891579
3.106407,102.403404,127.96669,-2.0521317
3.1114335,85.21213,125.6935,-5.644562
3.1164598,95.42824,122.65123,0.93898773
3.1214864,93.52806,123.76816,-0.6548538
3.126513,101.156364,117.710754,-6.1223755
3.1315396,109.672775,128.52296,-0.96495056
3.1365662,102.50726,123.978,-6.7186356
3.1415927,103.4284,106.75789,3.4359665
3.1466193,100.15224,116.4665,2.5640793
3.151646,98.496284,113.01848,1.4270325
3.1566725,98.282745,116.69328,-0.9023361
3.161699,96.73959,118.09782,1.2089081
3.1667254,94.94578,104.27088,2.1118546
3.171752,105.2713,100.154564,-3.7769852
3.1767786,108.27572,109.88793,1.625473
3.1818051,105.96773,111.33546,-1.8158875
3.1868317,116.4474,109.21891,-3.2265167
3.1918583,97.58173,102.53181,5.9074783
3.1968849,102.75665,104.228714,-3.7243576
3.2019112,109.30168,103.45258,2.8648682
3.2069378,117.66849,101.91469,2.4423065
3.2119644,117.118805,99.90118,4.8191833
3.216991,117.214584,89.95749,18.321815
3.2220175,107.96599,107.56576,14.0698395
3.227044,103.05684,102.25779,6.9504013
3.2320707,111.162445,95.52008,10.771637
3.237097,115.98443,91.11451,1.8731918
3.2421236,113.17345,101.0853,2.9442902
3.2471502,116.01504,96.60993,6.582741
3.2521768,120.985886,93.19469,4.772957
3.2572033,111.05205,79.64081,13.669632
3.26223,115.249535,92.4714,2.0096817
3.2672565,110.23477,108.29053,12.2011795
3.272283,116.64716,92.66988,10.808411
3.2773094,114.312096,89.816,11.527863
3.282336,121.79562,88.27338,13.935356
3.2873626,126.01027,88.991455,18.074135
3.2923892,130.7401,75.088394,8.493164
3.2974157,123.12648,86.313,17.695877
3.302442,121.54033,84.79804,17.294426
3.3074687,130.17894,87.61129,14.351669
3.3124952,125.42906,76.928795,10.80677
3.3175218,129.4908,86.67905,13.786987
3.3225484,127.465324,89.50931,15.235992
3.327575,125.50107,80.84478,27.197502
3.3326015,128.55962,76.98006,20.43203
3.3376281,131.4399,79.390076,28.348495
3.3426547,130.46635,74.6319,20.841835
3.3476813,124.8189,80.41909,27.811043
3.3527079,137.51187,75.71533,18.029732
3.3577344,126.45097,75.16488,18.65181
3.362761,131.15536,68.274025,23.569206
3.3677876,138.59668,58.258945,24.748322
3.3728142,133.43086,81.959564,26.454865
3.3778405,135.22687,67.18733,21.32785
3.382867,129.92332,74.64158,27.540657
3.3878937,132.0122,60.131107,25.140106
3.3929203,140.62607,73.65927,32.20865
3.3979468,137.12515,67.51819,31.188622
3.4029734,135.22565,68.67203,23.4208
3.408,142.32538,53.692963,24.237007
3.413026,137.98299,61.563446,29.080002
3.4180527,135.30292,59.669983,35.26288
3.4230793,144.60379,66.582855,38.362022
3.4281058,140.89647,61.661377,42.173664
3.4331324,138.80359,59.11862,34.13619
3.438159,132.01077,48.89172,35.034935
3.4431856,143.27388,62.399227,31.575867
3.4482121,152.17636,60.598648,33.161003
3.4532387,134.87122,53.341858,41.259804
3.4582653,142.59207,57.317963,45.99343
3.463292,153.30634,55.116173,44.443275
3.4683185,138.3451,50.518627,41.03713
3.4733448,148.14658,52.878117,54.071693
3.4783714,146.42119,58.26259,49.076042
3.483398,145.92781,52.038864,49.28001
3.4884245,154.43864,48.12191,49.512424
3.493451,158.14206,44.674423,46.283924
3.4984777,150.29707,51.62308,45.81771
3.5035043,152.74448,48.6746,56.444546
3.5085309,153.43408,48.012676,57.21464
3.5135574,162.32585,50.57059,51.465694
3.518584,149.97191,45.227364,58.213703
3.5236106,152.94778,42.820873,54.62403
3.5286372,151.9686,40.15796,59.83702
3.5336637,159.18188,32.795124,57.078026
3.5386903,160.56302,24.642021,61.252647
3.543717,147.76823,44.283203,77.396805
3.548743,159.96855,35.37984,60.78748
3.5537696,160.18861,37.41809,67.793915
3.5587962,157.09901,36.820415,63.862595
3.5638227,148.15773,25.809689,69.62819
3.5688493,166.41919,31.359497,64.975685
3.5738757,160.14224,41.897446,65.06
3.5789022,167.71527,33.86979,65.29209
3.5839288,155.59506,41.332253,76.772446
3.5889554,162.5261,31.953194,75.60281
3.593982,172.21236,35.493294,74.60193
3.5990086,162.92404,26.11155,69.9699
3.6040351,173.8094,31.500153,71.71138
3.6090617,163.58961,26.17334,78.72995
3.6140883,165.11435,26.231728,78.32381
3.6191149,164.34961,24.500717,89.97647
3.6241415,165.34195,26.265358,85.7399
3.629168,158.72427,24.214867,83.87298
3.6341946,172.61624,23.307442,80.50961
3.6392212,162.85939,17.965446,84.813416
3.6442478,176.91275,21.955177,82.22908
3.649274,159.96353,19.943863,79.10608
3.6543007,178.95879,22.212036,91.882
3.6593273,169.3814,20.07325,81.31587
3.6643538,168.21329,20.718025,99.283356
3.6693804,175.8263,20.41011,93.09304
3.674407,165.8349,14.412376,88.96012
3.6794336,180.81616,29.055084,90.77837
3.6844602,169.72354,20.50418,94.390884
3.6894863,165.66718,17.174881,95.65704
3.6945128,176.23306,13.095779,98.68719
3.6995394,179.59468,18.322792,103.913025
3.704566,175.28276,20.3695,97.67333
3.7095926,178.39062,21.218018,93.96868
3.7146192,181.4216,16.131622,99.21698
3.7196457,180.5109,16.403381,106.51315
3.7246723,175.4917,3.7319107,107.42227
3.729699,171.16275,11.801476,110.25583
3.7347255,177.38922,21.679947,107.879
3.739752,187.90945,12.153152,103.67269
3.7447786,166.97952,5.8718567,106.692154
3.749805,177.81133,13.880432,107.2577
3.7548316,180.44269,15.955185,114.887146
3.7598581,182.46198,7.692154,119.78
3.7648847,184.65715,12.625526,105.61485
3.7699113,185.82928,14.603058,113.52439
3.7749379,187.34879,5.3350906,120.3319
3.7799644,193.06964,13.352203,115.53203
3.784991,176.48358,4.201126,115.214386
3.7900176,193.19727,7.327385,121.27929
3.7950442,193.49738,9.196297,133.61005
3.8000708,182.40234,-1.8945084,121.7946
3.8050973,180.38086,16.570946,126.8072
3.810124,183.67448,13.763817,130.73978
3.8151505,185.66455,5.8833694,133.20757
3.8201768,188.2821,7.358322,123.2992
3.8252034,182.69824,8.803909,126.62436
3.8302298,194.21964,4.5561295,130.0271
3.8352563,186.22235,-4.139,135.96266
3.840283,183.70079,-4.3409805,129.64476
3.8453093,182.30055,0.91226196,140.10515
3.8503358,184.0109,-8.474281,131.33725
3.8553624,183.59189,5.3551254,126.454216
3.860389,198.06755,8.593597,142.56833
3.8654156,183.54446,9.62886,132.29672
3.8704422,186.61276,1.6040268,140.88702
3.8754687,175.44225,3.2861252,141.4195
3.8804953,192.99608,5.775223,145.1116
3.885522,190.10092,6.951874,138.33533
3.8905485,186.41669,4.6252365,147.97789
3.895575,197.84245,-1.7339096,143.58098
3.9006016,186.05417,-1.4455872,154.3692
3.9056282,182.36307,-3.796379,142.02734
3.9106548,189.4651,-0.26992798,150.49237
3.9156814,193.4431,8.350739,153.02975
3.9207077,189.52805,-3.3455963,157.87253
3.9257343,188.74521,9.55188,151.44888
3.9307609,192.27719,-7.257759,142.41376
3.9357874,190.03894,2.5268707,150.18706
3.940814,186.74583,3.09626,158.56711
3.9458406,191.94913,-1.7723236,152.03438
3.9508672,198.76047,-4.299103,160.00565
3.9558938,188.48334,6.0028687,156.82039
3.9609203,195.79677,6.5466995,163.01898
3.9659464,199.37784,-7.588005,166.5855
3.970973,185.24863,2.9689636,171.20222
3.9759996,193.17377,0.7980957,166.25696
3.9810262,197.7128,8.739304,164.7057
3.9860528,198.22786,-2.4598312,163.84811
3.9910793,197.48935,5.345886,163.99878
3.996106,194.06415,2.2233505,170.42984
4.0011325,197.18932,-2.5975342,167.85367
4.006159,200.60712,8.751587,169.79355
4.0111856,197.31693,0.6858139,167.94952
4.016212,194.36069,-3.5478134,174.52751
4.021239,196.43439,-8.884323,177.72554
4.026265,208.79677,0.6947708,173.98137
4.031292,203.51254,-1.3516235,166.92743
4.0363183,188.21643,-2.076851,172.37076
4.041345,190.28027,-4.678604,175.3486
4.0463715,195.00659,-1.8332672,173.28598
4.0513983,195.47119,-11.7543335,180.20277
4.0564246,195.20438,-9.125595,180.8895
4.061451,203.03586,-0.56599426,179.1435
4.066478,201.79077,-5.902733,179.46567
4.071504,197.93596,-8.042755,176.73438
4.076531,202.86328,1.033287,169.05951
4.0815573,197.28922,2.07267,185.17705
4.086584,203.12506,-7.341034,183.4813
4.0916104,205.1259,0.9152603,179.59044
4.0966372,197.02371,-1.9280853,181.66197
4.1016636,208.02571,2.0555801,183.6183
4.10669,200.5066,7.199745,187.22975
4.1117163,200.0469,1.9894028,181.38354
4.116743,203.39691,0.85235596,189.87689
4.1217694,197.63693,4.388962,187.11148
4.1267962,200.05048,12.710846,193.57877
4.1318226,197.19308,2.219368,184.26413
4.1368494,197.17111,2.1287308,184.95712
4.1418757,209.48465,10.310188,183.85606
4.1469026,195.36656,2.399582,193.07509
4.151929,202.5831,6.779541,184.98337
4.1569552,191.82175,1.9866791,186.73526
4.161982,207.0416,0.7554321,189.43173
4.1670084,205.7897,12.96759,199.61789
4.172035,197.22641,2.2610092,191.94162
4.1770616,194.25446,-1.0580521,193.57755
4.1820884,200.41454,4.4802322,198.90814
4.1871147,197.11465,7.6030807,188.10419
4.1921415,207.06128,10.260986,192.07846
4.197168,195.81015,3.4683533,195.18521
4.2021947,203.40425,8.223145,192.56036
4.207221,195.50317,0.48690033,189.79471
4.212248,196.47522,3.847145,190.08047
4.217274,197.82495,-0.31336975,190.31686
4.222301,200.63339,6.3839493,194.99518
4.2273273,202.71143,10.584709,188.09126
4.2323537,197.81454,11.323746,196.85129
4.2373805,200.47334,7.5121536,200.33917
4.242407,204.05592,3.989647,208.42581
4.247433,194.14224,12.895561,196.6655
4.25246,193.80975,7.2282257,198.1901
4.2574863,204.0682,4.9292374,199.98526
4.2625127,197.88844,17.061623,207.02408
4.2675395,194.09143,12.429955,202.97137
4.272566,195.5556,14.904045,195.73349
4.2775927,199.24771,9.75927,188.96167
4.282619,198.34143,15.252769,198.85898
4.287646,197.47021,21.190445,196.2146
4.292672,202.23969,21.05053,196.07825
4.297699,193.6199,24.322762,192.66913
4.3027253,207.77237,16.487122,194.52286
4.307752,200.60522,18.092033,200.95352
4.3127785,194.21722,21.579018,205.34009
4.3178053,197.84772,16.834259,197.79385
4.3228316,190.63028,19.165665,188.62201
4.327858,195.6422,21.701141,199.87979
4.332885,194.02054,23.821938,202.83438
4.337911,195.61945,13.555237,201.6632
4.342938,187.1152,26.065826,209.37415
4.3479643,191.73877,22.533775,200.9619
4.352991,200.52155,22.449684,203.44418
4.3580174,199.95123,17.01883,209.06992
4.3630443,191.48491,33.418846,198.7236
4.3680706,197.11858,20.336975,195.12822
4.3730974,207.05763,30.208244,191.76854
4.3781238,191.53563,41.072556,206.5877
4.38315,195.87329,29.038216,199.24358
4.3881764,192.34018,25.714691,195.48071
4.3932033,190.38112,33.126617,196.07791
4.3982296,194.34088,27.954987,192.24097
4.4032564,190.17886,31.069115,193.64523
4.4082828,198.00417,28.244057,200.0166
4.4133096,200.46465,31.311882,198.68466
4.418336,197.34482,33.28144,202.24945
4.4233627,184.70389,34.748596,190.7404
4.428389,195.07758,26.49186,197.36093
4.4334154,200.75339,29.030258,191.8624
4.438442,197.57646,33.619576,194.44464
4.4434686,184.05049,30.493992,198.14706
4.4484954,197.84348,41.84517,202.86731
4.4535217,193.04984,42.80167,194.31708
4.4585485,202.78699,41.387375,195.00125
4.463575,192.34384,44.729782,190.83157
4.4686017,200.25241,43.91423,188.38028
4.473628,188.93698,34.46013,191.99722
4.478655,192.91623,41.69661,182.7873
4.483681,193.77725,50.889683,195.95256
4.488708,184.21408,43.134396,185.28458
4.4937344,183.71063,44.191692,191.79497
4.4987607,195.0044,45.634552,197.1735
4.5037875,191.40317,45.255043,194.61755
4.508814,183.74008,41.72657,198.33115
4.5138407,183.03185,53.839153,193.52792
4.518867,195.96841,49.53987,187.39914
4.5238934,197.5223,36.60775,189.62878
4.5289197,174.50647,51.706547,188.3652
4.5339465,184.89777,53.62443,191.9509
4.538973,181.87631,49.038734,189.26584
4.5439997,186.02289,61.616257,178.9364
4.549026,182.52164,56.95522,188.46448
4.554053,181.39569,56.345352,186.62686
4.559079,181.42033,65.606705,185.64432
4.564106,181.07669,63.80047,188.24454
4.5691323,184.5664,55.272324,182.26947
4.574159,189.45572,55.1029,178.18631
4.5791855,195.3466,50.10649,177.4241
4.5842123,171.866,60.722992,187.26364
4.5892386,182.0649,57.057407,179.35442
4.5942655,176.55716,59.99486,177.6086
4.599292,182.73175,57.773144,176.94601
4.604318,178.37686,65.213715,177.2579
4.609345,181.39435,67.17404,179.1243
4.6143713,180.37186,60.38073,173.12048
4.619398,180.90111,59.212,171.10258
4.6244245,181.80014,77.46872,170.91281
4.6294513,182.2127,67.08437,168.07753
4.6344776,183.86314,68.26952,177.59665
4.6395044,183.63321,70.77776,176.75339
4.644531,176.51784,74.15794,166.00403
4.6495576,181.73257,71.890785,166.17828
4.654584,176.63089,73.74225,173.228
4.6596107,179.70697,74.00021,171.93692
4.6646366,179.37534,71.0471,169.50615
4.6696634,176.67136,64.55698,176.22485
4.67469,184.63147,70.30322,171.08026
4.6797166,174.38255,72.7961,165.23114
4.684743,170.98163,84.49845,157.02457
4.6897697,173.12363,87.96967,159.26155
4.694796,172.46768,84.40239,157.91533
4.6998224,178.85031,78.008125,153.84601
4.7048492,179.10857,83.66583,157.21375
4.7098756,171.29675,86.00933,158.18169
4.7149024,172.05951,85.74786,158.08015
4.7199287,169.99155,83.22139,147.60385
4.7249556,167.28928,84.79148,153.34526
4.729982,165.64505,83.0623,157.17401
4.7350087,164.66394,96.570175,152.09631
4.740035,170.59746,101.31912,159.46768
4.745062,168.52942,79.77892,156.52768
4.750088,171.19324,80.93835,144.4795
4.755115,168.95532,97.65953,151.50803
4.7601414,169.1066,104.293976,141.37709
4.765168,159.54628,95.874535,158.12958
4.7701945,159.74301,92.36635,150.68799
4.775221,159.65091,100.562065,145.66748
4.7802477,164.47377,91.69177,142.22742
4.785274,156.13654,101.648865,143.31042
4.790301,158.61623,102.91397,136.97975
4.795327,163.86652,98.84758,137.97324
4.8003535,159.92477,101.82623,131.64206
4.80538,166.91385,106.46638,144.97633
4.8104067,157.67401,102.847916,138.66843
4.815433,158.4135,108.158325,134.63132
4.82046,149.74721,106.87188,134.04706
4.825486,156.04591,118.9536,132.4776
4.830513,154.08286,105.232124,135.46246
4.8355393,164.33951,97.21461,130.63255
4.840566,159.08948,110.61054,137.40138
4.8455925,149.01367,113.642265,130.48663
4.8506193,152.5735,116.917725,128.92862
4.8556457,158.062,120.10826,124.45423
4.8606725,144.07063,106.46033,119.80574
4.865699,149.4845,111.25788,114.260086
4.870725,147.7378,106.39111,123.5137
4.875752,153.35657,122.67238,131.28525
4.8807783,149.06998,124.63815,115.03945
4.885805,152.2278,122.19778,119.78149
4.8908315,152.1755,123.55273,117.38227
4.8958583,141.88025,112.5354,118.25708
4.9008846,149.62326,119.40708,115.34781
4.9059114,154.34937,116.67675,120.01983
4.910938,149.54193,128.02693,113.55997
4.9159646,141.3703,121.498535,108.245285
4.920991,146.93796,133.44263,105.50249
4.9260178,140.11404,128.75262,108.072655
4.931044,142.22903,134.39828,102.57262
4.936071,144.95216,127.20546,103.58023
4.941097,139.55983,125.03214,95.759094
4.9461236,138.08267,132.03622,103.57694
4.95115,151.24194,133.86638,95.87076
4.9561768,137.35497,133.53622,93.064026
4.961203,139.16301,125.28296,99.7483
4.96623,146.58344,138.18991,90.937126
4.9712563,136.81415,134.72061,94.82363
4.9762826,142.49167,128.89706,98.81598
4.9813094,127.30777,134.53152,97.62454
4.9863358,135.41058,123.312744,92.77346
4.9913626,134.34422,143.37238,97.74414
4.996389,136.11917,142.04385,87.776054
5.0014157,137.62106,142.76794,87.17155
5.006442,130.83217,136.95541,78.583466
5.011469,127.315834,136.97766,87.709465
5.016495,129.78531,135.97664,83.19587
5.021522,144.75836,144.71147,85.01642
